link,time,content,messages,message_generated,source
https://vtcnews.vn/them-tru-cot-tuyen-viet-nam-bo-lo-tran-gap-malaysia-ar944228.html,2025-05-21,"(VTC News) -

## Tiền vệ Doãn Ngọc Tân không kịp bình phục chấn thương và anh đành phải bỏ lỡ trận đấu giữa Việt Nam và Malaysia.

Tiền vệ Doãn Ngọc Tân chắc chắn vắng mặt ở trận đấu giữa đội tuyển Việt Nam và đội tuyển Malaysia tại vòng loại Asian Cup 2027. Cầu thủ 31 tuổi đã trở lại tập luyện trong màu áo đội bóng xứ Thanh sau chấn thương. Tuy nhiên, các bác sỹ yêu cầu anh kiên nhẫn hồi phục thay vì vội vàng trở lại sân cỏ.

Theo đánh giá của bộ phận y tế CLB Thanh Hóa, Ngọc Tân cần thêm ít nhất 3 tuần nữa mới có thể trở lại thi đấu đỉnh cao. Anh chỉ sẵn sàng ra sân trong 2 trận đấu cuối cùng của Đông Á Thanh Hóa tại V.League 2024/25 gặp Công an Hà Nội và Bình Dương. Doãn Ngọc Tân vắng mặt ở đợt tập trung của đội tuyển Việt Nam cuối tháng 5/2025.

Doãn Ngọc Tân trở lại trong màu áo Thanh Hóa.

Doãn Ngọc Tân gặp chấn thương trong buổi tập của đội bóng xứ Thanh trước trận đấu với Hà Nội FC ngày 6/4, sau pha va chạm với Antonio Luiz. Các bác sỹ nhận thấy điều bất ổn và đưa tiền vệ sinh năm 1994 đi chụp chiếu.

Kết quả, Doãn Ngọc Tân bị gãy xương mác và nghỉ thi đấu hơn 2 tháng. Trong thời gian qua, CLB Thanh Hóa gặp rất nhiều khó khăn khi tuyển thủ Việt Nam chấn thương. Tiền vệ Antonio Luiz sa sút phong độ, cầu thủ Việt kiều Damoth Thongkhamsavath để lại nhiều ấn tượng nhưng anh vẫn cần thời gian để thích nghi với V.League.

Cuối tuần qua, CLB Thanh Hóa thua Hải Phòng 1-2 trong thế trận mà họ bỏ lỡ rất nhiều cơ hội. Trong buổi họp báo sau trận đấu, HLV Tomislav Steinbruckner tỏ ra thất vọng, gửi lời xin lỗi người hâm mộ và bày tỏ nguyện vọng từ chức.

Tuy nhiên, sau buổi họp cùng ban lãnh đạo đội bóng, ông quyết định tiếp tục công việc của mình. Chủ tịch Cao Tiến Đoan đánh giá rằng nhà cầm quân người Croatia vẫn đang làm tốt công việc của mình. HLV Tomislav Steinbruckner cần thêm thời gian để xây dựng triết lý bóng đá phù hợp.

Mai Phương

Thêm thông tin

### Xem trực tiếp đội tuyển Việt Nam đấu Werder Bremen trên kênh nào? __ 0

### Đội tuyển Việt Nam có thể đá giao hữu với Brazil? __ 0

### Malaysia gọi cầu thủ CLB TP.HCM ghi 2 bàn ở V.League đấu tuyển Việt Nam __ 0

### Tuyển Việt Nam chia tay giải châu Á, hết hy vọng dự World Cup __ 0","[{'role': 'user', 'content': 'Vòng loại Asian Cup 2027 sẽ diễn ra khi nào và có ý nghĩa như thế nào đối với bóng đá Việt Nam?'}, {'role': 'assistant', 'content': 'Vòng loại Asian Cup 2027 là một sự kiện quan trọng trong lịch trình bóng đá châu Á, và nó có ý nghĩa lớn đối với đội tuyển Việt Nam. Dưới đây là một số thông tin chi tiết:\n\n**1. Thời gian và địa điểm:**\n\n*   Hiện tại, thông tin cụ thể về thời gian và địa điểm chính xác của vòng loại Asian Cup 2027 chưa được đề cập trong bài viết. Tuy nhiên, dựa vào bối cảnh bài viết, có thể thấy đội tuyển Việt Nam đang chuẩn bị cho các trận đấu thuộc vòng loại này vào cuối tháng 5 năm 2025.\n*   Vòng loại Asian Cup thường diễn ra trong một khoảng thời gian nhất định, với các trận đấu được tổ chức tại nhiều địa điểm khác nhau, tùy thuộc vào lịch trình và các quy định của Liên đoàn Bóng đá châu Á (AFC).\n\n**2. Ý nghĩa đối với bóng đá Việt Nam:**\n\n*   **Cơ hội cạnh tranh:** Vòng loại Asian Cup là cơ hội để đội tuyển Việt Nam cạnh tranh với các đội bóng hàng đầu châu lục. Việc vượt qua vòng loại và giành quyền tham dự vòng chung kết Asian Cup sẽ giúp đội tuyển có cơ hội cọ xát, tích lũy kinh nghiệm và nâng cao trình độ chuyên môn.\n*   **Nâng cao vị thế:** Thành tích tốt tại Asian Cup sẽ giúp bóng đá Việt Nam nâng cao vị thế trên bản đồ bóng đá châu Á và thế giới. Điều này không chỉ có ý nghĩa về mặt chuyên môn mà còn có thể thu hút sự quan tâm của các nhà tài trợ, các câu lạc bộ quốc tế và người hâm mộ.\n*   **Phát triển bóng đá:** Việc tham gia và thi đấu thành công tại Asian Cup sẽ thúc đẩy sự phát triển của bóng đá Việt Nam ở nhiều khía cạnh, từ đào tạo cầu thủ trẻ, nâng cấp cơ sở vật chất đến việc cải thiện công tác quản lý và điều hành.\n*   **Ảnh hưởng đến tinh thần:** Những thành công tại Asian Cup sẽ tạo ra sự phấn khởi và niềm tin cho người hâm mộ bóng đá Việt Nam, đồng thời truyền cảm hứng cho các cầu thủ và các thế hệ trẻ.\n\n**3. Tình hình hiện tại của đội tuyển Việt Nam:**\n\n*   Theo thông tin trong bài viết, đội tuyển Việt Nam đang chuẩn bị cho vòng loại Asian Cup 2027. Tuy nhiên, đội hình của đội tuyển sẽ gặp một số khó khăn do tiền vệ Doãn Ngọc Tân không thể tham gia do chấn thương.\n*   Sự vắng mặt của các cầu thủ chủ chốt có thể ảnh hưởng đến sức mạnh và khả năng cạnh tranh của đội tuyển Việt Nam trong các trận đấu sắp tới.\n\nTóm lại, vòng loại Asian Cup 2027 là một thử thách quan trọng đối với bóng đá Việt Nam. Thành công tại giải đấu này sẽ mang lại nhiều lợi ích, từ việc nâng cao vị thế trên trường quốc tế đến việc thúc đẩy sự phát triển của bóng đá trong nước.\n'}, {'role': 'user', 'content': 'Hãy cho biết những khó khăn mà CLB Thanh Hóa gặp phải trong thời gian Doãn Ngọc Tân bị chấn thương.'}, {'role': 'assistant', 'content': 'Dưới đây là những khó khăn mà CLB Thanh Hóa gặp phải trong thời gian tiền vệ Doãn Ngọc Tân bị chấn thương, dựa trên thông tin được cung cấp:\n\n**1. Mất mát về lực lượng:**\n\n*   Doãn Ngọc Tân, một cầu thủ quan trọng của đội, đã phải vắng mặt do gãy xương mác. Điều này gây ảnh hưởng lớn đến khả năng thi đấu của đội.\n*   Sự vắng mặt của anh đã làm giảm đi sự ổn định và sức mạnh ở tuyến giữa của CLB Thanh Hóa.\n\n**2. Ảnh hưởng đến phong độ của các cầu thủ khác:**\n\n*   Tiền vệ Antonio Luiz, một cầu thủ khác trong đội, đã bị sa sút phong độ.\n*   Việc thiếu vắng Doãn Ngọc Tân có thể đã tạo ra áp lực lớn hơn cho các cầu thủ khác, khiến họ không thể hiện được phong độ tốt nhất.\n\n**3. Khó khăn trong việc tìm kiếm sự thay thế:**\n\n*   Cầu thủ Việt kiều Damoth Thongkhamsavath đã để lại nhiều ấn tượng, nhưng anh vẫn cần thời gian để thích nghi với V.League.\n*   Việc tìm kiếm một cầu thủ có thể thay thế vị trí và vai trò của Doãn Ngọc Tân là một thách thức đối với ban huấn luyện.\n\n**4. Kết quả thi đấu không tốt:**\n\n*   CLB Thanh Hóa đã gặp khó khăn trong các trận đấu, thể hiện qua việc thua Hải Phòng 1-2.\n*   Sự vắng mặt của Doãn Ngọc Tân có thể là một trong những nguyên nhân dẫn đến kết quả không như mong muốn này.\n\n**5. Áp lực lên ban huấn luyện:**\n\n*   HLV Tomislav Steinbruckner đã bày tỏ sự thất vọng sau trận thua và thậm chí còn có ý định từ chức.\n*   Điều này cho thấy áp lực mà ban huấn luyện phải đối mặt khi đội bóng không đạt được kết quả tốt do những khó khăn về lực lượng.\n'}, {'role': 'user', 'content': 'HLV Tomislav Steinbruckner đã đối diện với những áp lực gì sau trận thua của CLB Thanh Hóa và quyết định cuối cùng của ông là gì?'}, {'role': 'assistant', 'content': '## Áp lực và Quyết định của HLV Tomislav Steinbruckner sau trận thua của CLB Thanh Hóa\n\nSau trận thua 1-2 trước Hải Phòng vào cuối tuần vừa qua, HLV Tomislav Steinbruckner đã phải đối diện với nhiều áp lực từ người hâm mộ và ban lãnh đạo CLB Thanh Hóa. Dưới đây là chi tiết về tình hình và quyết định cuối cùng của ông:\n\n1.  **Áp lực sau trận thua:**\n    *   HLV Tomislav Steinbruckner bày tỏ sự thất vọng sau trận thua, đồng thời gửi lời xin lỗi đến người hâm mộ.\n    *   Trận thua đã làm dấy lên những lo ngại về phong độ của đội bóng và khả năng của HLV.\n\n2.  **Nguyện vọng từ chức:**\n    *   Sau trận đấu, HLV Tomislav Steinbruckner đã bày tỏ nguyện vọng từ chức. Điều này cho thấy áp lực lớn mà ông phải chịu đựng sau kết quả không mong muốn.\n\n3.  **Quyết định cuối cùng:**\n    *   Sau cuộc họp với ban lãnh đạo đội bóng, HLV Tomislav Steinbruckner đã quyết định tiếp tục công việc của mình.\n    *   Chủ tịch Cao Tiến Đoan đánh giá cao công việc của HLV và cho rằng ông cần thêm thời gian để xây dựng triết lý bóng đá phù hợp.\n\nNhư vậy, mặc dù đối diện với áp lực và bày tỏ mong muốn từ chức, HLV Tomislav Steinbruckner vẫn được ban lãnh đạo tin tưởng và quyết định ở lại để tiếp tục dẫn dắt CLB Thanh Hóa.\n'}]",True,vtc
